DS1;DS2;DS3;MC123;SC123;SHC123;SHIC11_22_33;SHIC12;SHIC13;SHIC21;SHIC23;SHIC31;SHIC32;VC11_22_33;VC;U_Min123;U_Max123;U1;U2;U3;I1;I2;I3;T11_22_33;T12;T13;T21;T23;T31;T32
117;417;227;1;10;20;0;96,08;152,49;79,26;105,54;144,82;121,39;0;30;0;300;168;136;277;168;136;277;0;0;0;0;0;0;0
129;359;271;1;10;20;0;96,08;152,49;79,26;105,54;144,82;121,39;0;30;0;300;281;137;70;320;-8;-2;0;0;0;0;0;0;78
162;106;227;1;10;20;0;96,08;152,49;79,26;105,54;144,82;121,39;0;30;0;300;211;192;71;369;-6;-74;0;0;0;0;84;0;0
417;227;312;1;10;20;0;96,08;152,49;79,26;105,54;144,82;121,39;0;30;0;300;232;88;227;-132;4;8;0;149;167;0;0;0;0
359;271;4;1;10;20;0;96,08;152,49;79,26;105,54;144,82;121,39;0;30;0;300;198;131;296;6;5;-140;0;0;0;0;0;299;141
106;227;190;1;10;20;0;96,08;152,49;79,26;105,54;144,82;121,39;0;30;0;300;239;300;184;139;0;-68;0;0;0;0;78;0;0
227;312;209;1;10;20;0;96,08;152,49;79,26;105,54;144,82;121,39;0;30;0;300;218;248;225;8;4;2;0;68;54;0;0;0;0
271;4;442;1;10;20;0;96,08;152,49;79,26;105,54;144,82;121,39;0;30;0;300;259;175;226;-4;-5;-34;0;0;0;0;180;0;0
227;190;192;1;10;20;0;96,08;152,49;79,26;105,54;144,82;121,39;0;30;0;300;148;245;290;-32;-1;64;0;0;0;51;0;0;0
312;209;518;1;10;20;0;96,08;152,49;79,26;105,54;144,82;121,39;0;30;0;300;99;255;294;-200;-51;-109;0;0;0;45;51;0;0
4;442;115;1;10;20;0;96,08;152,49;79,26;105,54;144,82;121,39;0;30;0;300;211;233;172;-30;-240;-35;0;20;17;0;0;0;0
190;192;375;1;10;20;0;96,08;152,49;79,26;105,54;144,82;121,39;0;30;0;300;271;285;139;-65;-87;-215;0;60;56;0;0;0;0
19;59;302;2;11;21;0;88,79;141,2;80,48;107,06;142,49;119,44;0;40;0;350;104;39;257;104;39;257;0;0;0;0;0;0;0
277;167;223;2;11;21;0;88,79;141,2;80,48;107,06;142,49;119,44;0;40;0;350;38;200;191;-62;-1;225;0;0;0;73;0;0;0
117;258;301;2;11;21;0;88,79;141,2;80,48;107,06;142,49;119,44;0;40;0;350;60;211;258;1;19;-5;0;0;0;0;0;120;67
59;302;180;2;11;21;0;88,79;141,2;80,48;107,06;142,49;119,44;0;40;0;350;117;282;152;7;17;1;0;18;34;0;0;0;0
167;223;279;2;11;21;0;88,79;141,2;80,48;107,06;142,49;119,44;0;40;0;350;141;327;183;4;-4;7;0;0;0;23;102;0;0
258;301;134;2;11;21;0;88,79;141,2;80,48;107,06;142,49;119,44;0;40;0;350;313;323;186;59;18;59;0;0;0;0;0;0;0
302;180;269;2;11;21;0;88,79;141,2;80,48;107,06;142,49;119,44;0;40;0;350;199;301;95;32;-55;3;0;0;0;76;118;0;0
223;279;239;2;11;21;0;88,79;141,2;80,48;107,06;142,49;119,44;0;40;0;350;193;338;277;2;4;41;0;0;0;0;0;0;0
301;134;139;2;11;21;0;88,79;141,2;80,48;107,06;142,49;119,44;0;40;0;350;334;338;181;35;208;83;0;0;0;0;0;0;0
180;269;334;2;11;21;0;88,79;141,2;80,48;107,06;142,49;119,44;0;40;0;350;215;100;212;70;-1;1;0;0;0;0;40;0;0
279;239;174;2;11;21;0;88,79;141,2;80,48;107,06;142,49;119,44;0;40;0;350;274;167;271;-2;-6;98;0;67;0;0;0;0;0
134;139;291;2;11;21;0;88,79;141,2;80,48;107,06;142,49;119,44;0;40;0;350;89;10;177;-47;-135;-16;0;0;0;0;0;0;0
363;325;296;3;12;22;0;86,2;136,81;74,22;98,74;152,42;127,76;0;50;0;400;202;68;344;202;68;344;0;0;0;0;0;0;0
236;215;338;3;12;22;0;86,2;136,81;74,22;98,74;152,42;127,76;0;50;0;400;235;14;204;51;17;210;0;150;0;0;0;0;0
318;89;307;3;12;22;0;86,2;136,81;74,22;98,74;152,42;127,76;0;50;0;400;88;312;63;11;15;1;0;0;0;190;35;0;0
325;296;286;3;12;22;0;86,2;136,81;74,22;98,74;152,42;127,76;0;50;0;400;303;325;318;39;-6;33;0;0;0;50;0;0;0
215;338;137;3;12;22;0;86,2;136,81;74,22;98,74;152,42;127,76;0;50;0;400;129;116;136;-12;-184;-47;0;0;0;0;0;35;44
89;307;339;3;12;22;0;86,2;136,81;74,22;98,74;152,42;127,76;0;50;0;400;363;391;247;0;16;7;0;116;146;0;0;0;0
296;286;337;3;12;22;0;86,2;136,81;74,22;98,74;152,42;127,76;0;50;0;400;251;349;329;4;30;-1;0;0;0;49;0;0;0
338;137;282;3;12;22;0;86,2;136,81;74,22;98,74;152,42;127,76;0;50;0;400;316;172;283;23;24;0;0;0;0;41;0;0;0
307;339;286;3;12;22;0;86,2;136,81;74,22;98,74;152,42;127,76;0;50;0;400;263;217;396;11;0;-20;0;0;0;0;0;32;98
286;337;187;3;12;22;0;86,2;136,81;74,22;98,74;152,42;127,76;0;50;0;400;279;276;297;-11;-46;90;0;15;0;0;0;0;0
137;282;172;3;12;22;0;86,2;136,81;74,22;98,74;152,42;127,76;0;50;0;400;208;397;156;60;69;74;0;0;0;0;0;0;0
339;286;196;3;12;22;0;86,2;136,81;74,22;98,74;152,42;127,76;0;50;0;400;40;271;129;-213;54;-19;0;0;0;0;0;26;0
187;374;289;4;13;23;0;72,24;114,66;90,49;120,39;117,33;98,35;0;60;0;450;131;106;106;131;106;106;0;0;0;0;0;0;0
99;219;271;4;13;23;0;72,24;114,66;90,49;120,39;117,33;98,35;0;60;0;450;354;32;45;144;1;40;0;82;160;0;0;0;0
404;390;256;4;13;23;0;72,24;114,66;90,49;120,39;117,33;98,35;0;60;0;450;410;1;364;-17;-221;148;0;167;0;0;0;0;0
374;289;314;4;13;23;0;72,24;114,66;90,49;120,39;117,33;98,35;0;60;0;450;243;248;441;9;18;-162;0;0;0;0;0;157;280
219;271;240;4;13;23;0;72,24;114,66;90,49;120,39;117,33;98,35;0;60;0;450;293;246;320;-12;3;3;0;10;85;0;0;0;0
390;256;364;4;13;23;0;72,24;114,66;90,49;120,39;117,33;98,35;0;60;0;450;286;395;336;1;-11;11;0;0;0;117;36;0;0
289;314;72;4;13;23;0;72,24;114,66;90,49;120,39;117,33;98,35;0;60;0;450;311;148;340;-29;-125;279;0;52;0;0;0;0;0
271;240;373;4;13;23;0;72,24;114,66;90,49;120,39;117,33;98,35;0;60;0;450;270;165;425;15;15;71;0;0;0;0;0;45;215
256;364;202;4;13;23;0;72,24;114,66;90,49;120,39;117,33;98,35;0;60;0;450;310;289;153;69;-26;-12;0;0;0;0;0;0;34
314;72;493;4;13;23;0;72,24;114,66;90,49;120,39;117,33;98,35;0;60;0;450;243;393;168;-2;0;-42;0;0;0;0;295;0;0
240;373;318;4;13;23;0;72,24;114,66;90,49;120,39;117,33;98,35;0;60;0;450;287;331;351;-23;9;8;0;51;17;0;0;0;0
364;202;384;4;13;23;0;72,24;114,66;90,49;120,39;117,33;98,35;0;60;0;450;217;418;259;0;-62;0;0;0;0;170;117;0;0
279;114;132;2,66;14;24;0;92,41;146,67;69,05;91,87;138,56;116,14;0;70;0;500;205;145;49;205;145;49;0;0;0;0;0;0;0
420;202;261;2,66;14;24;0;92,41;146,67;69,05;91,87;138,56;116,14;0;70;0;500;200;327;144;25;160;2;0;0;0;40;70;0;0
288;209;324;2,66;14;24;0;92,41;146,67;69,05;91,87;138,56;116,14;0;70;0;500;210;238;218;17;-4;19;0;0;0;70;123;0;0
114;132;179;2,66;14;24;0;92,41;146,67;69,05;91,87;138,56;116,14;0;70;0;500;0;172;212;-44;-17;52;0;0;0;53;0;0;0
202;261;85;2,66;14;24;0;92,41;146,67;69,05;91,87;138,56;116,14;0;70;0;500;227;108;272;35;29;-14;0;0;0;0;0;54;199
209;324;245;2,66;14;24;0;92,41;146,67;69,05;91,87;138,56;116,14;0;70;0;500;174;210;494;0;44;106;0;0;0;0;0;0;129
132;179;183;2,66;14;24;0;92,41;146,67;69,05;91,87;138,56;116,14;0;70;0;500;67;20;465;0;9;199;0;0;0;0;0;65;124
261;85;413;2,66;14;24;0;92,41;146,67;69,05;91,87;138,56;116,14;0;70;0;500;381;5;187;-21;43;0;0;114;27;0;0;0;0
324;245;221;2,66;14;24;0;92,41;146,67;69,05;91,87;138,56;116,14;0;70;0;500;101;174;495;36;8;-42;0;0;0;0;0;280;36
179;183;408;2,66;14;24;0;92,41;146,67;69,05;91,87;138,56;116,14;0;70;0;500;64;57;389;-79;-118;-61;0;0;0;0;0;0;0
85;413;261;2,66;14;24;0;92,41;146,67;69,05;91,87;138,56;116,14;0;70;0;500;398;451;82;-96;7;3;0;87;243;0;0;0;0
245;221;502;2,66;14;24;0;92,41;146,67;69,05;91,87;138,56;116,14;0;70;0;500;275;485;182;1;-72;-41;0;0;0;67;276;0;0
296;482;279;3,7;11,6;22,5;0;95,28;151,22;79,74;106,08;102,42;85,85;0;55;0;550;32;162;146;32;162;146;0;0;0;0;0;0;0
202;382;143;3,7;11,6;22,5;0;95,28;151,22;79,74;106,08;102,42;85,85;0;55;0;550;156;342;144;39;69;147;0;0;0;53;0;0;0
357;12;360;3,7;11,6;22,5;0;95,28;151,22;79,74;106,08;102,42;85,85;0;55;0;550;182;518;90;13;266;37;0;0;0;149;160;0;0
482;279;243;3,7;11,6;22,5;0;95,28;151,22;79,74;106,08;102,42;85,85;0;55;0;550;514;340;226;45;327;20;0;0;0;0;0;0;0
382;143;438;3,7;11,6;22,5;0;95,28;151,22;79,74;106,08;102,42;85,85;0;55;0;550;107;382;246;24;122;18;0;0;0;254;190;0;0
12;360;170;3,7;11,6;22,5;0;95,28;151,22;79,74;106,08;102,42;85,85;0;55;0;550;238;91;106;46;6;5;0;153;51;0;0;0;0
279;243;110;3,7;11,6;22,5;0;95,28;151,22;79,74;106,08;102,42;85,85;0;55;0;550;196;35;374;2;4;24;0;0;0;0;0;39;206
143;438;271;3,7;11,6;22,5;0;95,28;151,22;79,74;106,08;102,42;85,85;0;55;0;550;303;456;260;162;22;13;0;0;0;0;0;0;0
360;170;417;3,7;11,6;22,5;0;95,28;151,22;79,74;106,08;102,42;85,85;0;55;0;550;325;139;327;-29;37;33;0;46;110;0;0;0;0
243;110;344;3,7;11,6;22,5;0;95,28;151,22;79,74;106,08;102,42;85,85;0;55;0;550;520;177;301;248;56;38;0;0;0;0;48;0;0
438;271;461;3,7;11,6;22,5;0;95,28;151,22;79,74;106,08;102,42;85,85;0;55;0;550;159;391;276;7;-12;3;0;0;0;38;150;0;0
170;417;430;3,7;11,6;22,5;0;95,28;151,22;79,74;106,08;102,42;85,85;0;55;0;550;184;383;421;-34;-11;14;0;35;20;0;0;0;0
267;264;228;1,8;13,55;11,9;0;71,61;113,65;71,28;94,83;140,66;117,9;0;62;0;600;97;263;64;97;263;64;0;0;0;0;0;0;0
272;168;349;1,8;13,55;11,9;0;71,61;113,65;71,28;94,83;140,66;117,9;0;62;0;600;100;238;209;40;122;20;0;0;0;115;96;0;0
205;129;331;1,8;13,55;11,9;0;71,61;113,65;71,28;94,83;140,66;117,9;0;62;0;600;247;128;14;-12;121;-203;0;0;94;0;0;0;0
264;228;192;1,8;13,55;11,9;0;71,61;113,65;71,28;94,83;140,66;117,9;0;62;0;600;205;149;307;-11;-61;-45;0;0;0;60;43;0;0
168;349;134;1,8;13,55;11,9;0;71,61;113,65;71,28;94,83;140,66;117,9;0;62;0;600;29;242;512;19;6;-10;0;0;0;0;0;169;174
129;331;421;1,8;13,55;11,9;0;71,61;113,65;71,28;94,83;140,66;117,9;0;62;0;600;490;149;318;88;1;2;0;177;115;0;0;0;0
228;192;436;1,8;13,55;11,9;0;71,61;113,65;71,28;94,83;140,66;117,9;0;62;0;600;21;75;521;-32;7;-123;0;0;0;0;0;87;123
349;134;483;1,8;13,55;11,9;0;71,61;113,65;71,28;94,83;140,66;117,9;0;62;0;600;260;565;166;0;-128;5;0;0;0;121;445;0;0
331;421;126;1,8;13,55;11,9;0;71,61;113,65;71,28;94,83;140,66;117,9;0;62;0;600;193;420;301;18;45;-150;0;0;0;0;0;156;174
192;436;323;1,8;13,55;11,9;0;71,61;113,65;71,28;94,83;140,66;117,9;0;62;0;600;147;426;500;27;35;-27;0;0;0;0;0;54;0
134;483;190;1,8;13,55;11,9;0;71,61;113,65;71,28;94,83;140,66;117,9;0;62;0;600;16;503;84;-31;-67;-71;0;0;0;60;62;0;0
421;126;274;1,8;13,55;11,9;0;71,61;113,65;71,28;94,83;140,66;117,9;0;62;0;600;517;4;500;-40;-84;155;0;105;0;0;0;0;0
170;295;151;2,2;12,7;21,9;0;84,8;134,59;86,13;114,58;113,55;95,18;0;62;50;450;96;319;190;96;319;190;0;0;0;0;0;0;0
405;357;261;2,2;12,7;21,9;0;84,8;134,59;86,13;114,58;113,55;95,18;0;62;50;450;369;347;306;60;309;235;0;0;0;0;0;0;0
355;471;488;2,2;12,7;21,9;0;84,8;134,59;86,13;114,58;113,55;95,18;0;62;50;450;163;263;260;-114;101;-11;0;0;0;0;0;18;0
295;151;369;2,2;12,7;21,9;0;84,8;134,59;86,13;114,58;113,55;95,18;0;62;50;450;419;392;395;10;342;15;0;0;0;0;0;0;0
357;261;477;2,2;12,7;21,9;0;84,8;134,59;86,13;114,58;113,55;95,18;0;62;50;450;278;436;271;28;206;23;0;0;0;97;214;0;0
471;488;413;2,2;12,7;21,9;0;84,8;134,59;86,13;114,58;113,55;95,18;0;62;50;450;318;389;432;-74;107;-9;0;0;0;0;0;51;0
151;369;410;2,2;12,7;21,9;0;84,8;134,59;86,13;114,58;113,55;95,18;0;62;50;450;324;415;341;-11;153;32;0;0;110;0;0;0;0
261;477;461;2,2;12,7;21,9;0;84,8;134,59;86,13;114,58;113,55;95,18;0;62;50;450;273;370;391;-17;46;-20;0;0;18;0;0;0;0
488;413;264;2,2;12,7;21,9;0;84,8;134,59;86,13;114,58;113,55;95,18;0;62;50;450;330;217;392;-60;-42;-115;0;0;0;0;0;115;108
369;410;330;2,2;12,7;21,9;0;84,8;134,59;86,13;114,58;113,55;95,18;0;62;50;450;316;446;433;-113;-6;-12;0;0;0;0;0;0;0
477;461;199;2,2;12,7;21,9;0;84,8;134,59;86,13;114,58;113,55;95,18;0;62;50;450;211;238;296;-275;-137;-111;0;0;0;0;0;104;92
413;264;312;2,2;12,7;21,9;0;84,8;134,59;86,13;114,58;113,55;95,18;0;62;50;450;84;102;219;-604;-299;-204;0;0;0;0;0;0;0
408;171;201;3,4;10,1;23,5;0;92,02;146,05;72,41;96,34;138,78;116,33;0;39;0;390;387;179;150;387;179;150;0;0;0;0;0;0;0
466;150;412;3,4;10,1;23,5;0;92,02;146,05;72,41;96,34;138,78;116,33;0;39;0;390;313;285;47;234;84;15;0;0;0;0;230;0;0
510;226;249;3,4;10,1;23,5;0;92,02;146,05;72,41;96,34;138,78;116,33;0;39;0;390;317;330;282;41;188;48;0;0;0;0;0;0;0
171;201;309;3,4;10,1;23,5;0;92,02;146,05;72,41;96,34;138,78;116,33;0;39;0;390;223;343;282;93;330;21;0;0;0;0;0;0;0
150;412;233;3,4;10,1;23,5;0;92,02;146,05;72,41;96,34;138,78;116,33;0;39;0;390;75;101;239;18;19;27;0;0;0;0;0;0;0
226;249;52;3,4;10,1;23,5;0;92,02;146,05;72,41;96,34;138,78;116,33;0;39;0;390;336;66;332;-8;-28;307;0;136;0;0;0;0;0
201;309;306;3,4;10,1;23,5;0;92,02;146,05;72,41;96,34;138,78;116,33;0;39;0;390;149;198;279;3;6;72;0;0;0;0;0;63;145
412;233;172;3,4;10,1;23,5;0;92,02;146,05;72,41;96,34;138,78;116,33;0;39;0;390;291;326;138;-79;99;-1;0;0;0;0;0;39;0
249;52;174;3,4;10,1;23,5;0;92,02;146,05;72,41;96,34;138,78;116,33;0;39;0;390;96;365;109;0;102;12;0;0;0;232;78;0;0
309;306;518;3,4;10,1;23,5;0;92,02;146,05;72,41;96,34;138,78;116,33;0;39;0;390;283;369;358;13;-27;5;0;0;0;39;153;0;0
233;172;533;3,4;10,1;23,5;0;92,02;146,05;72,41;96,34;138,78;116,33;0;39;0;390;385;352;375;165;-2;2;0;0;0;0;155;0;0
52;174;330;3,4;10,1;23,5;0;92,02;146,05;72,41;96,34;138,78;116,33;0;39;0;390;264;100;154;123;1;3;0;77;177;0;0;0;0
62;344;305;1,5;12,2;20,1;0;66,13;104,96;71,95;95,73;137,22;115,02;0;48;0;420;36;361;129;36;361;129;0;0;0;0;0;0;0
221;176;253;1,5;12,2;20,1;0;66,13;104,96;71,95;95,73;137,22;115,02;0;48;0;420;70;96;59;29;43;29;0;0;0;144;94;0;0
310;323;94;1,5;12,2;20,1;0;66,13;104,96;71,95;95,73;137,22;115,02;0;48;0;420;168;57;407;0;2;4;0;0;0;0;0;113;225
344;305;128;1,5;12,2;20,1;0;66,13;104,96;71,95;95,73;137,22;115,02;0;48;0;420;318;354;155;9;51;-4;0;0;0;0;0;35;0
176;253;113;1,5;12,2;20,1;0;66,13;104,96;71,95;95,73;137,22;115,02;0;48;0;420;323;171;354;113;12;237;0;43;0;0;0;0;0
323;94;162;1,5;12,2;20,1;0;66,13;104,96;71,95;95,73;137,22;115,02;0;48;0;420;193;47;83;31;12;63;0;0;0;0;0;48;47
305;128;147;1,5;12,2;20,1;0;66,13;104,96;71,95;95,73;137,22;115,02;0;48;0;420;217;25;272;21;1;18;0;0;0;0;0;78;92
253;113;237;1,5;12,2;20,1;0;66,13;104,96;71,95;95,73;137,22;115,02;0;48;0;420;138;178;206;-15;-45;19;0;0;0;79;32;0;0
94;162;413;1,5;12,2;20,1;0;66,13;104,96;71,95;95,73;137,22;115,02;0;48;0;420;296;84;341;-18;13;16;0;136;69;0;0;0;0
128;147;411;1,5;12,2;20,1;0;66,13;104,96;71,95;95,73;137,22;115,02;0;48;0;420;252;284;330;21;150;20;0;0;85;0;0;0;0
113;237;215;1,5;12,2;20,1;0;66,13;104,96;71,95;95,73;137,22;115,02;0;48;0;420;54;269;189;5;91;42;0;0;0;43;48;0;0
162;413;365;1,5;12,2;20,1;0;66,13;104,96;71,95;95,73;137,22;115,02;0;48;0;420;348;229;211;-38;1;23;0;94;135;0;0;0;0
202;256;194;2,4;11,3;22,8;0;92,76;147,22;76,98;102,41;131,15;109,93;0;53;0;330;258;323;254;258;323;254;0;0;0;0;0;0;0
164;160;281;2,4;11,3;22,8;0;92,76;147,22;76,98;102,41;131,15;109,93;0;53;0;330;7;117;230;101;280;203;0;0;0;0;0;0;0
287;415;311;2,4;11,3;22,8;0;92,76;147,22;76,98;102,41;131,15;109,93;0;53;0;330;215;166;314;29;31;206;0;0;0;0;0;0;0
256;194;163;2,4;11,3;22,8;0;92,76;147,22;76,98;102,41;131,15;109,93;0;53;0;330;109;284;278;39;121;164;0;0;0;0;0;157;0
160;281;433;2,4;11,3;22,8;0;92,76;147,22;76,98;102,41;131,15;109,93;0;53;0;330;144;278;195;-2;118;-49;0;0;25;0;0;0;0
415;311;216;2,4;11,3;22,8;0;92,76;147,22;76,98;102,41;131,15;109,93;0;53;0;330;251;294;309;-122;101;0;0;0;0;0;0;44;0
194;163;334;2,4;11,3;22,8;0;92,76;147,22;76,98;102,41;131,15;109,93;0;53;0;330;296;147;266;30;-56;23;0;0;0;50;91;0;0
281;433;378;2,4;11,3;22,8;0;92,76;147,22;76,98;102,41;131,15;109,93;0;53;0;330;286;319;318;-63;-122;13;0;48;50;0;0;0;0
311;216;218;2,4;11,3;22,8;0;92,76;147,22;76,98;102,41;131,15;109,93;0;53;0;330;200;247;192;-174;-91;-13;0;0;0;0;0;0;0
163;334;161;2,4;11,3;22,8;0;92,76;147,22;76,98;102,41;131,15;109,93;0;53;0;330;261;309;151;-76;-116;-23;0;0;0;0;0;0;0
433;378;236;2,4;11,3;22,8;0;92,76;147,22;76,98;102,41;131,15;109,93;0;53;0;330;119;116;54;-390;-378;-205;0;0;0;0;0;0;0
216;218;123;2,4;11,3;22,8;0;92,76;147,22;76,98;102,41;131,15;109,93;0;53;0;330;61;259;228;-545;-337;-100;0;0;0;0;0;0;0
435;273;252;3,5;13,8;21,6;0;71,6;113,63;69,98;93,1;114,94;96,35;0;68;0;470;157;91;309;157;91;309;0;0;0;0;0;0;0
236;210;320;3,5;13,8;21,6;0;71,6;113,63;69,98;93,1;114,94;96,35;0;68;0;470;247;85;3;81;22;23;0;56;31;0;0;0;0
65;403;96;3,5;13,8;21,6;0;71,6;113,63;69,98;93,1;114,94;96,35;0;68;0;470;8;336;337;-1;-20;264;0;25;0;0;0;0;0
273;252;220;3,5;13,8;21,6;0;71,6;113,63;69,98;93,1;114,94;96,35;0;68;0;470;36;111;444;4;8;77;0;0;0;0;0;242;169
210;320;120;3,5;13,8;21,6;0;71,6;113,63;69,98;93,1;114,94;96,35;0;68;0;470;437;173;3;-13;42;23;0;181;63;0;0;0;0
403;96;337;3,5;13,8;21,6;0;71,6;113,63;69,98;93,1;114,94;96,35;0;68;0;470;343;268;364;-21;214;-2;0;0;0;0;0;52;0
252;220;419;3,5;13,8;21,6;0;71,6;113,63;69,98;93,1;114,94;96,35;0;68;0;470;48;261;361;32;-68;6;0;0;0;257;66;0;0
320;120;415;3,5;13,8;21,6;0;71,6;113,63;69,98;93,1;114,94;96,35;0;68;0;470;268;414;419;33;173;10;0;0;0;53;0;0;0
96;337;576;3,5;13,8;21,6;0;71,6;113,63;69,98;93,1;114,94;96,35;0;68;0;470;308;458;277;-15;294;-29;0;0;260;0;0;0;0
220;419;303;3,5;13,8;21,6;0;71,6;113,63;69,98;93,1;114,94;96,35;0;68;0;470;406;357;48;-11;232;-102;0;0;182;0;0;0;0
120;415;207;3,5;13,8;21,6;0;71,6;113,63;69,98;93,1;114,94;96,35;0;68;0;470;73;309;311;-3;126;-53;0;0;0;0;0;55;0
337;576;178;3,5;13,8;21,6;0;71,6;113,63;69,98;93,1;114,94;96,35;0;68;0;470;430;314;371;-22;-24;140;0;112;0;0;0;0;0
268;130;236;2,9;10,9;23,8;0;70,56;111,99;65,68;87,38;128,45;107,67;0;45;0;530;180;325;17;180;325;17;0;0;0;0;0;0;0
314;348;40;2,9;10,9;23,8;0;70,56;111,99;65,68;87,38;128,45;107,67;0;45;0;530;15;278;12;2;93;30;0;0;0;121;41;0;0
205;304;409;2,9;10,9;23,8;0;70,56;111,99;65,68;87,38;128,45;107,67;0;45;0;530;120;114;325;-83;-97;-54;0;0;0;0;0;0;0
130;236;311;2,9;10,9;23,8;0;70,56;111,99;65,68;87,38;128,45;107,67;0;45;0;530;188;301;387;0;-8;-27;0;0;0;0;0;25;24
348;40;345;2,9;10,9;23,8;0;70,56;111,99;65,68;87,38;128,45;107,67;0;45;0;530;184;255;521;9;34;149;0;0;0;173;0;0;0
304;409;530;2,9;10,9;23,8;0;70,56;111,99;65,68;87,38;128,45;107,67;0;45;0;530;385;468;206;-12;93;-73;0;0;102;0;0;0;0
236;311;269;2,9;10,9;23,8;0;70,56;111,99;65,68;87,38;128,45;107,67;0;45;0;530;325;123;409;-3;-15;67;0;80;0;0;0;0;0
40;345;248;2,9;10,9;23,8;0;70,56;111,99;65,68;87,38;128,45;107,67;0;45;0;530;117;439;96;0;79;-11;0;0;74;0;0;0;0
409;530;276;2,9;10,9;23,8;0;70,56;111,99;65,68;87,38;128,45;107,67;0;45;0;530;524;510;466;115;59;179;0;0;0;0;0;0;0
311;269;370;2,9;10,9;23,8;0;70,56;111,99;65,68;87,38;128,45;107,67;0;45;0;530;367;453;61;171;112;1;0;0;0;0;131;0;0
345;248;400;2,9;10,9;23,8;0;70,56;111,99;65,68;87,38;128,45;107,67;0;45;0;530;315;313;274;141;47;5;0;0;0;0;130;0;0
530;276;213;2,9;10,9;23,8;0;70,56;111,99;65,68;87,38;128,45;107,67;0;45;0;530;344;302;512;40;-12;304;0;0;0;85;0;0;0
339;219;376;3,77;11,4;22,7;0;84,55;134,2;77,96;103,71;107,81;90,37;0;57;0;580;24;17;384;24;17;384;0;0;0;0;0;0;0
196;303;63;3,77;11,4;22,7;0;84,55;134,2;77,96;103,71;107,81;90,37;0;57;0;580;43;1;486;37;26;330;0;0;0;0;0;166;311
229;422;128;3,77;11,4;22,7;0;84,55;134,2;77,96;103,71;107,81;90,37;0;57;0;580;157;107;268;11;46;89;0;0;0;0;0;46;335
219;376;363;3,77;11,4;22,7;0;84,55;134,2;77,96;103,71;107,81;90,37;0;57;0;580;144;404;321;-11;74;-6;0;0;0;0;0;53;0
303;63;189;3,77;11,4;22,7;0;84,55;134,2;77,96;103,71;107,81;90,37;0;57;0;580;520;111;155;150;122;16;0;0;56;0;0;0;0
422;128;329;3,77;11,4;22,7;0;84,55;134,2;77,96;103,71;107,81;90,37;0;57;0;580;93;156;390;-68;150;-34;0;0;0;0;0;111;0
376;363;142;3,77;11,4;22,7;0;84,55;134,2;77,96;103,71;107,81;90,37;0;57;0;580;297;144;380;19;5;-36;0;0;0;0;0;166;74
63;189;205;3,77;11,4;22,7;0;84,55;134,2;77,96;103,71;107,81;90,37;0;57;0;580;25;367;387;26;183;101;0;0;0;0;0;45;0
128;329;332;3,77;11,4;22,7;0;84,55;134,2;77,96;103,71;107,81;90,37;0;57;0;580;269;54;267;167;-51;-5;0;0;0;0;0;0;41
363;142;205;3,77;11,4;22,7;0;84,55;134,2;77,96;103,71;107,81;90,37;0;57;0;580;349;75;127;-70;20;2;0;138;85;0;0;0;0
189;205;378;3,77;11,4;22,7;0;84,55;134,2;77,96;103,71;107,81;90,37;0;57;0;580;499;146;183;-14;6;16;0;45;209;0;0;0;0
329;332;278;3,77;11,4;22,7;0;84,55;134,2;77,96;103,71;107,81;90,37;0;57;0;580;532;351;238;148;25;17;0;0;41;0;0;0;0
194;417;187;1,6;13,6;21,7;0;70,5;111,89;65,37;86,97;144,2;120,87;0;67;0;360;224;3;336;224;3;336;0;0;0;0;0;0;0
332;298;212;1,6;13,6;21,7;0;70,5;111,89;65,37;86,97;144,2;120,87;0;67;0;360;244;89;226;-17;-53;350;0;153;0;0;0;0;0
102;211;361;1,6;13,6;21,7;0;70,5;111,89;65,37;86,97;144,2;120,87;0;67;0;360;333;160;355;214;0;240;0;0;0;0;0;0;104
417;187;146;1,6;13,6;21,7;0;70,5;111,89;65,37;86,97;144,2;120,87;0;67;0;360;219;254;187;16;67;281;0;0;0;0;0;0;0
298;212;404;1,6;13,6;21,7;0;70,5;111,89;65,37;86,97;144,2;120,87;0;67;0;360;144;329;297;22;184;14;0;0;0;0;0;160;0
211;361;441;1,6;13,6;21,7;0;70,5;111,89;65,37;86,97;144,2;120,87;0;67;0;360;359;142;310;3;1;14;0;36;131;0;0;0;0
187;146;396;1,6;13,6;21,7;0;70,5;111,89;65,37;86,97;144,2;120,87;0;67;0;360;301;245;335;50;100;20;0;0;67;0;0;0;0
212;404;356;1,6;13,6;21,7;0;70,5;111,89;65,37;86,97;144,2;120,87;0;67;0;360;306;354;263;144;-12;-11;0;0;0;0;62;0;0
361;441;247;1,6;13,6;21,7;0;70,5;111,89;65,37;86,97;144,2;120,87;0;67;0;360;296;271;335;-1;-102;77;0;80;0;0;0;0;0
146;396;271;1,6;13,6;21,7;0;70,5;111,89;65,37;86,97;144,2;120,87;0;67;0;360;182;116;78;-63;-325;-75;0;57;41;0;0;0;0
404;356;209;1,6;13,6;21,7;0;70,5;111,89;65,37;86,97;144,2;120,87;0;67;0;360;108;300;76;-359;-381;-208;0;0;0;0;0;0;0
441;247;247;1,6;13,6;21,7;0;70,5;111,89;65,37;86,97;144,2;120,87;0;67;0;360;304;232;330;-496;-396;-125;0;0;0;0;0;0;0
256;447;503;3,9;12,9;20,5;0;78,32;124,31;79,74;106,08;144,33;120,98;0;32;0;590;39;559;145;39;559;145;0;0;0;0;0;0;0
27;414;137;3,9;12,9;20,5;0;78,32;124,31;79,74;106,08;144,33;120,98;0;32;0;590;185;85;4;197;230;12;0;0;0;0;0;0;0
409;306;228;3,9;12,9;20,5;0;78,32;124,31;79,74;106,08;144,33;120,98;0;32;0;590;185;409;31;2;117;2;0;0;0;29;187;0;0
447;503;155;3,9;12,9;20,5;0;78,32;124,31;79,74;106,08;144,33;120,98;0;32;0;590;381;254;419;31;6;33;0;0;0;0;0;95;138
414;137;308;3,9;12,9;20,5;0;78,32;124,31;79,74;106,08;144,33;120,98;0;32;0;590;217;245;375;-44;114;-22;0;0;0;0;0;122;0
306;228;213;3,9;12,9;20,5;0;78,32;124,31;79,74;106,08;144,33;120,98;0;32;0;590;138;580;388;-54;466;-5;0;0;0;0;0;158;0
503;155;434;3,9;12,9;20,5;0;78,32;124,31;79,74;106,08;144,33;120,98;0;32;0;590;438;278;28;8;46;5;0;0;0;127;416;0;0
137;308;238;3,9;12,9;20,5;0;78,32;124,31;79,74;106,08;144,33;120,98;0;32;0;590;23;226;335;13;4;-57;0;0;0;0;0;119;40
228;213;240;3,9;12,9;20,5;0;78,32;124,31;79,74;106,08;144,33;120,98;0;32;0;590;422;171;69;-57;16;-18;0;54;210;0;0;0;0
155;434;228;3,9;12,9;20,5;0;78,32;124,31;79,74;106,08;144,33;120,98;0;32;0;590;90;581;174;1;-56;24;0;0;0;123;96;0;0
308;238;351;3,9;12,9;20,5;0;78,32;124,31;79,74;106,08;144,33;120,98;0;32;0;590;448;390;241;53;96;2;0;0;88;0;0;0;0
213;240;201;3,9;12,9;20,5;0;78,32;124,31;79,74;106,08;144,33;120,98;0;32;0;590;284;297;110;30;153;5;0;0;94;0;0;0;0
401;295;262;2,5;10,5;21,3;0;78,43;124,47;65,47;87,1;150,79;126,4;0;51;0;485;368;171;200;368;171;200;0;0;0;0;0;0;0
265;376;310;2,5;10,5;21,3;0;78,43;124,47;65,47;87,1;150,79;126,4;0;51;0;485;156;164;73;163;10;8;0;51;45;0;0;0;0
269;483;35;2,5;10,5;21,3;0;78,43;124,47;65,47;87,1;150,79;126,4;0;51;0;485;236;294;25;-16;-33;-2;0;146;0;0;0;0;0
295;262;267;2,5;10,5;21,3;0;78,43;124,47;65,47;87,1;150,79;126,4;0;51;0;485;463;432;164;37;137;10;0;0;115;0;0;0;0
376;310;257;2,5;10,5;21,3;0;78,43;124,47;65,47;87,1;150,79;126,4;0;51;0;485;307;236;427;17;14;180;0;0;0;49;0;0;0
483;35;295;2,5;10,5;21,3;0;78,43;124,47;65,47;87,1;150,79;126,4;0;51;0;485;381;342;418;5;231;303;0;0;0;90;0;0;0
262;267;745;2,5;10,5;21,3;0;78,43;124,47;65,47;87,1;150,79;126,4;0;51;0;485;252;321;268;-5;81;30;0;0;0;0;204;0;0
310;257;342;2,5;10,5;21,3;0;78,43;124,47;65,47;87,1;150,79;126,4;0;51;0;485;116;476;418;-58;300;-35;0;0;0;0;0;141;0
35;295;421;2,5;10,5;21,3;0;78,43;124,47;65,47;87,1;150,79;126,4;0;51;0;485;352;171;234;259;-14;-32;0;0;0;0;190;0;0
267;745;438;2,5;10,5;21,3;0;78,43;124,47;65,47;87,1;150,79;126,4;0;51;0;485;338;396;343;-154;-27;21;0;336;148;0;0;0;0
257;342;349;2,5;10,5;21,3;0;78,43;124,47;65,47;87,1;150,79;126,4;0;51;0;485;175;369;404;-155;0;-5;0;0;0;0;0;81;0
295;421;159;2,5;10,5;21,3;0;78,43;124,47;65,47;87,1;150,79;126,4;0;51;0;485;148;246;426;-32;28;-211;0;0;0;0;0;270;203
173;473;291;1,1;10,2;20,2;0;71,77;113,91;75,74;100,76;113,38;95,04;0;31;0;310;231;263;296;231;263;296;0;0;0;0;0;0;0
173;234;276;1,1;10,2;20,2;0;71,77;113,91;75,74;100,76;113,38;95,04;0;31;0;310;259;84;249;317;113;269;0;0;0;0;0;0;0
312;124;181;1,1;10,2;20,2;0;71,77;113,91;75,74;100,76;113,38;95,04;0;31;0;310;306;130;275;311;119;363;0;0;0;0;0;0;0
473;291;158;1,1;10,2;20,2;0;71,77;113,91;75,74;100,76;113,38;95,04;0;31;0;310;155;253;296;10;81;484;0;0;0;0;0;17;0
234;276;151;1,1;10,2;20,2;0;71,77;113,91;75,74;100,76;113,38;95,04;0;31;0;310;153;238;310;-14;-14;643;0;0;0;57;0;0;0
124;181;199;1,1;10,2;20,2;0;71,77;113,91;75,74;100,76;113,38;95,04;0;31;0;310;291;276;98;153;81;542;0;0;0;0;0;0;0
291;158;422;1,1;10,2;20,2;0;71,77;113,91;75,74;100,76;113,38;95,04;0;31;0;310;135;266;251;8;178;371;0;0;0;11;0;0;0
276;151;478;1,1;10,2;20,2;0;71,77;113,91;75,74;100,76;113,38;95,04;0;31;0;310;308;65;237;40;92;130;0;0;0;0;0;0;0
181;199;481;1,1;10,2;20,2;0;71,77;113,91;75,74;100,76;113,38;95,04;0;31;0;310;241;148;11;100;-18;-281;0;0;0;0;59;0;0
158;422;360;1,1;10,2;20,2;0;71,77;113,91;75,74;100,76;113,38;95,04;0;31;0;310;251;238;309;-210;3;-134;0;205;198;0;0;0;0
151;478;357;1,1;10,2;20,2;0;71,77;113,91;75,74;100,76;113,38;95,04;0;31;0;310;50;193;244;-311;-282;-247;0;0;0;0;0;0;0
199;481;424;1,1;10,2;20,2;0;71,77;113,91;75,74;100,76;113,38;95,04;0;31;0;310;52;246;286;-458;-517;-385;0;0;0;0;0;0;0
593;79;299;1,2;10,3;20,3;0;80,57;127,88;73,16;97,33;126,14;105,73;0;33;0;320;266;15;13;266;15;13;0;0;0;0;0;0;0
124;286;192;1,2;10,3;20,3;0;80,57;127,88;73,16;97,33;126,14;105,73;0;33;0;320;289;104;67;109;25;18;0;192;130;0;0;0;0
185;250;370;1,2;10,3;20,3;0;80,57;127,88;73,16;97,33;126,14;105,73;0;33;0;320;113;118;276;-44;-70;-32;0;37;44;0;0;0;0
79;299;39;1,2;10,3;20,3;0;80,57;127,88;73,16;97,33;126,14;105,73;0;33;0;320;279;224;278;156;17;45;0;0;0;0;0;0;162
286;192;179;1,2;10,3;20,3;0;80,57;127,88;73,16;97,33;126,14;105,73;0;33;0;320;270;148;313;140;6;146;0;0;0;0;0;0;33
250;370;284;1,2;10,3;20,3;0;80,57;127,88;73,16;97,33;126,14;105,73;0;33;0;320;283;270;67;-18;5;21;0;99;92;0;0;0;0
299;39;310;1,2;10,3;20,3;0;80,57;127,88;73,16;97,33;126,14;105,73;0;33;0;320;219;282;276;1;131;5;0;0;0;99;18;0;0
192;179;291;1,2;10,3;20,3;0;80,57;127,88;73,16;97,33;126,14;105,73;0;33;0;320;152;312;58;3;-7;1;0;0;0;42;229;0;0
370;284;212;1,2;10,3;20,3;0;80,57;127,88;73,16;97,33;126,14;105,73;0;33;0;320;277;237;167;-90;-54;-44;0;0;0;0;0;0;0
39;310;275;1,2;10,3;20,3;0;80,57;127,88;73,16;97,33;126,14;105,73;0;33;0;320;176;220;285;-47;-96;12;0;48;46;0;0;0;0
179;291;229;1,2;10,3;20,3;0;80,57;127,88;73,16;97,33;126,14;105,73;0;33;0;320;225;219;318;-1;-64;-3;0;0;0;0;0;0;104
284;212;202;1,2;10,3;20,3;0;80,57;127,88;73,16;97,33;126,14;105,73;0;33;0;320;291;258;308;6;2;83;0;0;0;0;0;0;20
345;390;197;1,3;10,4;20,4;0;91,5;145,2;69,48;92,44;150,91;126,49;0;34;0;340;204;294;280;204;294;280;0;0;0;0;0;0;0
312;311;60;1,3;10,4;20,4;0;91,5;145,2;69,48;92,44;150,91;126,49;0;34;0;340;139;111;39;31;94;259;0;0;0;0;0;0;0
381;331;224;1,3;10,4;20,4;0;91,5;145,2;69,48;92,44;150,91;126,49;0;34;0;340;317;250;214;-12;-8;249;0;0;0;21;0;0;0
390;197;416;1,3;10,4;20,4;0;91,5;145,2;69,48;92,44;150,91;126,49;0;34;0;340;323;324;226;-20;119;0;0;0;0;0;0;59;0
311;60;265;1,3;10,4;20,4;0;91,5;145,2;69,48;92,44;150,91;126,49;0;34;0;340;298;222;269;-20;281;-9;0;0;0;0;0;13;0
331;224;314;1,3;10,4;20,4;0;91,5;145,2;69,48;92,44;150,91;126,49;0;34;0;340;157;268;314;2;114;6;0;0;0;196;15;0;0
197;416;153;1,3;10,4;20,4;0;91,5;145,2;69,48;92,44;150,91;126,49;0;34;0;340;170;256;293;6;18;51;0;0;0;0;0;31;64
60;265;322;1,3;10,4;20,4;0;91,5;145,2;69,48;92,44;150,91;126,49;0;34;0;340;186;98;275;132;-129;-16;0;0;0;0;0;0;20
224;314;266;1,3;10,4;20,4;0;91,5;145,2;69,48;92,44;150,91;126,49;0;34;0;340;195;285;299;103;-126;-15;0;0;0;0;0;0;32
416;153;447;1,3;10,4;20,4;0;91,5;145,2;69,48;92,44;150,91;126,49;0;34;0;340;213;264;150;-100;-15;-312;0;0;0;0;0;0;0
265;322;183;1,3;10,4;20,4;0;91,5;145,2;69,48;92,44;150,91;126,49;0;34;0;340;191;249;79;-174;-88;-416;0;0;0;0;0;0;0
314;266;251;1,3;10,4;20,4;0;91,5;145,2;69,48;92,44;150,91;126,49;0;34;0;340;312;167;225;-176;-187;-442;0;0;0;0;0;0;0
375;513;284;1,4;10,6;20,6;0;86,73;137,65;85,77;114,11;143,34;120,15;0;35;0;370;283;333;369;283;333;369;0;0;0;0;0;0;0
384;394;340;1,4;10,6;20,6;0;86,73;137,65;85,77;114,11;143,34;120,15;0;35;0;370;269;155;59;168;94;88;0;0;0;0;0;0;0
206;40;333;1,4;10,6;20,6;0;86,73;137,65;85,77;114,11;143,34;120,15;0;35;0;370;275;314;174;237;298;-1;0;0;0;0;70;0;0
513;284;250;1,4;10,6;20,6;0;86,73;137,65;85,77;114,11;143,34;120,15;0;35;0;370;258;237;355;12;251;74;0;0;0;0;0;30;0
394;340;297;1,4;10,6;20,6;0;86,73;137,65;85,77;114,11;143,34;120,15;0;35;0;370;250;223;203;7;-34;9;0;0;0;139;29;0;0
40;333;116;1,4;10,6;20,6;0;86,73;137,65;85,77;114,11;143,34;120,15;0;35;0;370;254;321;169;221;17;-1;0;0;0;0;0;0;63
284;250;353;1,4;10,6;20,6;0;86,73;137,65;85,77;114,11;143,34;120,15;0;35;0;370;143;279;344;80;28;8;0;0;0;0;18;0;0
340;297;302;1,4;10,6;20,6;0;86,73;137,65;85,77;114,11;143,34;120,15;0;35;0;370;260;340;146;0;-10;-67;0;0;0;0;81;0;0
333;116;144;1,4;10,6;20,6;0;86,73;137,65;85,77;114,11;143,34;120,15;0;35;0;370;365;86;343;32;17;75;0;0;0;0;0;0;57
250;353;262;1,4;10,6;20,6;0;86,73;137,65;85,77;114,11;143,34;120,15;0;35;0;370;223;367;90;-13;31;-79;0;0;18;0;0;0;0
297;302;197;1,4;10,6;20,6;0;86,73;137,65;85,77;114,11;143,34;120,15;0;35;0;370;84;157;259;-226;-114;-17;0;0;0;0;0;0;0
116;144;220;1,4;10,6;20,6;0;86,73;137,65;85,77;114,11;143,34;120,15;0;35;0;370;325;313;23;7;-31;-152;0;0;0;24;62;0;0
365;230;156;1,7;10,7;20,7;0;93,41;148,25;90,26;120,08;112,08;93,94;0;36;0;380;376;180;99;376;180;99;0;0;0;0;0;0;0
124;279;164;1,7;10,7;20,7;0;93,41;148,25;90,26;120,08;112,08;93,94;0;36;0;380;121;53;170;373;25;34;0;0;0;0;0;0;71
192;225;272;1,7;10,7;20,7;0;93,41;148,25;90,26;120,08;112,08;93,94;0;36;0;380;332;125;358;513;2;43;0;0;0;0;0;0;77
230;156;466;1,7;10,7;20,7;0;93,41;148,25;90,26;120,08;112,08;93,94;0;36;0;380;7;257;369;290;32;17;0;0;0;0;71;0;0
279;164;299;1,7;10,7;20,7;0;93,41;148,25;90,26;120,08;112,08;93,94;0;36;0;380;172;295;368;183;163;86;0;0;0;0;0;0;0
225;272;269;1,7;10,7;20,7;0;93,41;148,25;90,26;120,08;112,08;93,94;0;36;0;380;114;163;228;72;54;45;0;0;0;0;0;0;0
156;466;292;1,7;10,7;20,7;0;93,41;148,25;90,26;120,08;112,08;93,94;0;36;0;380;279;328;122;-31;3;14;0;87;139;0;0;0;0
164;299;195;1,7;10,7;20,7;0;93,41;148,25;90,26;120,08;112,08;93,94;0;36;0;380;324;93;367;-1;-73;186;0;130;0;0;0;0;0
272;269;355;1,7;10,7;20,7;0;93,41;148,25;90,26;120,08;112,08;93,94;0;36;0;380;297;296;298;-10;-12;129;0;34;0;0;0;0;0
466;292;449;1,7;10,7;20,7;0;93,41;148,25;90,26;120,08;112,08;93,94;0;36;0;380;361;335;319;-80;-4;-1;0;0;0;35;0;0;0
299;195;192;1,7;10,7;20,7;0;93,41;148,25;90,26;120,08;112,08;93,94;0;36;0;380;117;325;218;-229;126;-8;0;0;0;0;0;33;0
269;355;338;1,7;10,7;20,7;0;93,41;148,25;90,26;120,08;112,08;93,94;0;36;0;380;313;372;79;-41;-144;-124;0;0;0;144;143;0;0
436;296;256;1,9;10,8;20,8;0;72,5;115,07;65,88;87,65;128,15;107,42;0;37;0;410;122;11;42;122;11;42;0;0;0;0;0;0;0
137;272;305;1,9;10,8;20,8;0;72,5;115,07;65,88;87,65;128,15;107,42;0;37;0;410;183;260;284;168;-1;21;0;0;0;0;0;0;0
361;250;283;1,9;10,8;20,8;0;72,5;115,07;65,88;87,65;128,15;107,42;0;37;0;410;331;182;159;-38;0;4;0;69;107;0;0;0;0
296;256;304;1,9;10,8;20,8;0;72,5;115,07;65,88;87,65;128,15;107,42;0;37;0;410;174;231;359;-96;10;-40;0;0;0;0;0;64;35
272;305;170;1,9;10,8;20,8;0;72,5;115,07;65,88;87,65;128,15;107,42;0;37;0;410;281;273;335;13;7;-4;0;0;0;0;0;100;29
250;283;274;1,9;10,8;20,8;0;72,5;115,07;65,88;87,65;128,15;107,42;0;37;0;410;222;381;341;12;78;63;0;0;0;27;0;0;0
256;304;352;1,9;10,8;20,8;0;72,5;115,07;65,88;87,65;128,15;107,42;0;37;0;410;326;267;331;82;41;42;0;0;0;0;0;0;0
305;170;129;1,9;10,8;20,8;0;72,5;115,07;65,88;87,65;128,15;107,42;0;37;0;410;123;382;230;9;144;143;0;0;0;109;0;0;0
283;274;352;1,9;10,8;20,8;0;72,5;115,07;65,88;87,65;128,15;107,42;0;37;0;410;353;104;57;-36;7;-70;0;33;82;0;0;0;0
304;352;309;1,9;10,8;20,8;0;72,5;115,07;65,88;87,65;128,15;107,42;0;37;0;410;301;377;268;-3;-36;-79;0;0;0;36;32;0;0
170;129;320;1,9;10,8;20,8;0;72,5;115,07;65,88;87,65;128,15;107,42;0;37;0;410;118;311;389;4;58;19;0;0;0;59;29;0;0
274;352;259;1,9;10,8;20,8;0;72,5;115,07;65,88;87,65;128,15;107,42;0;37;0;410;378;43;339;108;-140;-12;0;0;0;0;0;0;111
279;260;201;2,1;11,1;20,9;0;94,47;149,93;78,28;104,14;116,35;97,53;0;38;0;430;390;312;96;390;312;96;0;0;0;0;0;0;0
257;390;162;2,1;11,1;20,9;0;94,47;149,93;78,28;104,14;116,35;97,53;0;38;0;430;103;133;71;236;55;5;0;0;0;0;0;0;0
524;370;334;2,1;11,1;20,9;0;94,47;149,93;78,28;104,14;116,35;97,53;0;38;0;430;310;404;342;22;89;13;0;0;0;0;0;0;0
260;201;110;2,1;11,1;20,9;0;94,47;149,93;78,28;104,14;116,35;97,53;0;38;0;430;145;288;248;21;176;37;0;0;0;0;0;114;0
390;162;347;2,1;11,1;20,9;0;94,47;149,93;78,28;104,14;116,35;97,53;0;38;0;430;211;334;291;32;124;15;0;0;0;190;34;0;0
370;334;361;2,1;11,1;20,9;0;94,47;149,93;78,28;104,14;116,35;97,53;0;38;0;430;194;423;328;4;28;19;0;0;0;148;37;0;0
201;110;201;2,1;11,1;20,9;0;94,47;149,93;78,28;104,14;116,35;97,53;0;38;0;430;158;212;174;17;52;14;0;0;0;56;22;0;0
162;347;303;2,1;11,1;20,9;0;94,47;149,93;78,28;104,14;116,35;97,53;0;38;0;430;347;298;377;202;3;88;0;0;0;0;0;0;0
334;361;290;2,1;11,1;20,9;0;94,47;149,93;78,28;104,14;116,35;97,53;0;38;0;430;155;240;416;0;-95;214;0;23;0;0;0;0;0
110;201;268;2,1;11,1;20,9;0;94,47;149,93;78,28;104,14;116,35;97,53;0;38;0;430;129;266;89;19;0;5;0;0;0;0;0;0;30
347;303;261;2,1;11,1;20,9;0;94,47;149,93;78,28;104,14;116,35;97,53;0;38;0;430;359;114;309;-7;-151;53;0;38;0;0;0;0;0
361;290;172;2,1;11,1;20,9;0;94,47;149,93;78,28;104,14;116,35;97,53;0;38;0;430;360;237;350;5;10;4;0;0;0;0;0;13;214
231;312;152;2,3;11,2;21,1;0;66,97;106,29;67,87;90,29;139,39;116,84;0;41;0;440;34;370;60;34;370;60;0;0;0;0;0;0;0
271;196;461;2,3;11,2;21,1;0;66,97;106,29;67,87;90,29;139,39;116,84;0;41;0;440;189;147;390;3;248;11;0;0;0;51;22;0;0
345;281;161;2,3;11,2;21,1;0;66,97;106,29;67,87;90,29;139,39;116,84;0;41;0;440;124;393;393;7;360;18;0;0;0;0;0;225;0
312;152;439;2,3;11,2;21,1;0;66,97;106,29;67,87;90,29;139,39;116,84;0;41;0;440;145;164;353;3;129;12;0;0;0;163;80;0;0
196;461;190;2,3;11,2;21,1;0;66,97;106,29;67,87;90,29;139,39;116,84;0;41;0;440;309;353;162;116;-9;14;0;0;0;0;30;0;0
281;161;470;2,3;11,2;21,1;0;66,97;106,29;67,87;90,29;139,39;116,84;0;41;0;440;72;402;293;14;-39;1;0;0;0;107;164;0;0
152;439;319;2,3;11,2;21,1;0;66,97;106,29;67,87;90,29;139,39;116,84;0;41;0;440;135;197;426;21;-166;-31;0;0;0;0;0;24;115
461;190;261;2,3;11,2;21,1;0;66,97;106,29;67,87;90,29;139,39;116,84;0;41;0;440;402;326;417;3;5;49;0;0;0;0;0;41;35
161;470;266;2,3;11,2;21,1;0;66,97;106,29;67,87;90,29;139,39;116,84;0;41;0;440;212;367;288;54;-26;-1;0;0;0;0;0;0;72
439;319;217;2,3;11,2;21,1;0;66,97;106,29;67,87;90,29;139,39;116,84;0;41;0;440;334;384;434;-10;-2;216;0;0;0;41;0;0;0
190;261;458;2,3;11,2;21,1;0;66,97;106,29;67,87;90,29;139,39;116,84;0;41;0;440;422;231;128;59;8;9;0;40;123;0;0;0;0
470;266;445;2,3;11,2;21,1;0;66,97;106,29;67,87;90,29;139,39;116,84;0;41;0;440;366;143;242;-45;-115;-194;0;0;0;0;0;0;0
173;92;269;2,6;11,7;21,2;0;90,76;144,05;72,58;96,56;132,01;110,66;0;42;0;460;73;54;321;73;54;321;0;0;0;0;0;0;0
357;159;283;2,6;11,7;21,2;0;90,76;144,05;72,58;96,56;132,01;110,66;0;42;0;460;201;32;227;1;5;103;0;0;0;0;0;84;78
184;232;109;2,6;11,7;21,2;0;90,76;144,05;72,58;96,56;132,01;110,66;0;42;0;460;401;30;259;218;3;53;0;0;0;0;0;0;200
92;269;364;2,6;11,7;21,2;0;90,76;144,05;72,58;96,56;132,01;110,66;0;42;0;460;283;96;104;-8;40;0;0;210;207;0;0;0;0
159;283;321;2,6;11,7;21,2;0;90,76;144,05;72,58;96,56;132,01;110,66;0;42;0;460;97;309;320;6;-10;-1;0;0;0;76;0;0;0
232;109;151;2,6;11,7;21,2;0;90,76;144,05;72,58;96,56;132,01;110,66;0;42;0;460;18;23;452;1;25;-30;0;0;0;0;0;209;121
269;364;193;2,6;11,7;21,2;0;90,76;144,05;72,58;96,56;132,01;110,66;0;42;0;460;211;301;290;0;0;-28;0;0;0;0;0;57;38
283;321;245;2,6;11,7;21,2;0;90,76;144,05;72,58;96,56;132,01;110,66;0;42;0;460;335;450;273;52;129;0;0;0;0;0;0;0;0
109;151;55;2,6;11,7;21,2;0;90,76;144,05;72,58;96,56;132,01;110,66;0;42;0;460;215;128;252;158;106;197;0;0;0;0;0;0;0
364;193;509;2,6;11,7;21,2;0;90,76;144,05;72,58;96,56;132,01;110,66;0;42;0;460;306;260;171;-16;173;-25;0;0;116;0;0;0;0
321;245;171;2,6;11,7;21,2;0;90,76;144,05;72,58;96,56;132,01;110,66;0;42;0;460;257;40;194;-80;-32;-2;0;0;0;0;0;0;0
151;55;237;2,6;11,7;21,2;0;90,76;144,05;72,58;96,56;132,01;110,66;0;42;0;460;162;83;219;-69;-4;-20;0;0;0;0;0;0;0
428;171;452;2,7;11,8;21,2;0;78,05;123,87;94,94;126,3;130,61;109,48;0;43;0;480;65;265;33;65;265;33;0;0;0;0;0;0;0
270;242;384;2,7;11,8;21,2;0;78,05;123,87;94,94;126,3;130,61;109,48;0;43;0;480;133;364;117;8;57;16;0;0;0;80;250;0;0
274;152;285;2,7;11,8;21,2;0;78,05;123,87;94,94;126,3;130,61;109,48;0;43;0;480;316;272;88;-24;177;-107;0;0;74;0;0;0;0
171;452;362;2,7;11,8;21,2;0;78,05;123,87;94,94;126,3;130,61;109,48;0;43;0;480;470;392;434;275;78;4;0;0;0;0;39;0;0
242;384;399;2,7;11,8;21,2;0;78,05;123,87;94,94;126,3;130,61;109,48;0;43;0;480;100;249;452;48;28;57;0;85;0;0;0;0;0
152;285;317;2,7;11,8;21,2;0;78,05;123,87;94,94;126,3;130,61;109,48;0;43;0;480;114;346;262;10;89;2;0;0;0;0;0;0;0
452;362;457;2,7;11,8;21,2;0;78,05;123,87;94,94;126,3;130,61;109,48;0;43;0;480;423;417;390;8;46;6;0;0;0;27;71;0;0
384;399;125;2,7;11,8;21,2;0;78,05;123,87;94,94;126,3;130,61;109,48;0;43;0;480;423;143;461;-8;-155;342;0;55;0;0;0;0;0
285;317;357;2,7;11,8;21,2;0;78,05;123,87;94,94;126,3;130,61;109,48;0;43;0;480;47;469;224;-34;0;-6;0;0;0;0;0;212;3
362;457;321;2,7;11,8;21,2;0;78,05;123,87;94,94;126,3;130,61;109,48;0;43;0;480;341;443;476;5;17;58;0;0;0;0;0;60;31
399;125;153;2,7;11,8;21,2;0;78,05;123,87;94,94;126,3;130,61;109,48;0;43;0;480;435;74;195;6;1;100;0;35;0;0;0;0;0
317;357;527;2,7;11,8;21,2;0;78,05;123,87;94,94;126,3;130,61;109,48;0;43;0;480;302;377;135;19;-29;-270;0;0;0;28;22;0;0
365;337;379;2,8;11,9;21,4;0;91,76;145,36;92,65;123,26;113,96;95,52;0;44;0;490;126;195;460;126;195;460;0;0;0;0;0;0;0
369;279;406;2,8;11,9;21,4;0;91,76;145,36;92,65;123,26;113,96;95,52;0;44;0;490;113;83;267;2;-1;189;0;0;0;0;0;132;0
398;261;383;2,8;11,9;21,4;0;91,76;145,36;92,65;123,26;113,96;95,52;0;44;0;490;389;301;348;28;4;154;0;0;0;35;0;0;0
337;379;117;2,8;11,9;21,4;0;91,76;145,36;92,65;123,26;113,96;95,52;0;44;0;490;250;291;149;29;4;10;0;0;0;0;0;88;88
279;406;208;2,8;11,9;21,4;0;91,76;145,36;92,65;123,26;113,96;95,52;0;44;0;490;237;113;346;21;-133;-42;0;0;0;0;0;34;156
261;383;393;2,8;11,9;21,4;0;91,76;145,36;92,65;123,26;113,96;95,52;0;44;0;490;316;347;396;-39;-93;0;0;76;39;0;0;0;0
379;117;467;2,8;11,9;21,4;0;91,76;145,36;92,65;123,26;113,96;95,52;0;44;0;490;413;413;328;33;-8;34;0;0;0;38;173;0;0
406;208;63;2,8;11,9;21,4;0;91,76;145,36;92,65;123,26;113,96;95,52;0;44;0;490;294;123;282;5;0;76;0;0;0;0;0;84;93
383;393;74;2,8;11,9;21,4;0;91,76;145,36;92,65;123,26;113,96;95,52;0;44;0;490;53;238;488;18;6;-14;0;0;0;0;0;343;161
117;467;410;2,8;11,9;21,4;0;91,76;145,36;92,65;123,26;113,96;95,52;0;44;0;490;263;242;390;-42;-48;1;0;171;35;0;0;0;0
208;63;403;2,8;11,9;21,4;0;91,76;145,36;92,65;123,26;113,96;95,52;0;44;0;490;291;110;415;41;-1;13;0;0;0;0;0;0;0
393;74;382;2,8;11,9;21,4;0;91,76;145,36;92,65;123,26;113,96;95,52;0;44;0;490;254;146;379;-81;71;-7;0;0;0;0;0;17;0
452;484;155;3,1;11,5;21,5;0;95,67;151,84;95,78;127,42;115,66;96,95;0;46;0;510;307;20;116;307;20;116;0;0;0;0;0;0;0
398;308;365;3,1;11,5;21,5;0;95,67;151,84;95,78;127,42;115,66;96,95;0;46;0;510;212;260;301;121;12;12;0;0;0;0;0;0;40
309;406;160;3,1;11,5;21,5;0;95,67;151,84;95,78;127,42;115,66;96,95;0;46;0;510;510;349;88;200;1;16;0;46;76;0;0;0;0
484;155;99;3,1;11,5;21,5;0;95,67;151,84;95,78;127,42;115,66;96,95;0;46;0;510;343;117;75;8;0;6;0;37;14;0;0;0;0
308;365;179;3,1;11,5;21,5;0;95,67;151,84;95,78;127,42;115,66;96,95;0;46;0;510;270;228;471;6;0;125;0;0;0;0;0;36;137
406;160;275;3,1;11,5;21,5;0;95,67;151,84;95,78;127,42;115,66;96,95;0;46;0;510;196;90;404;26;16;-62;0;0;0;0;0;230;86
155;99;213;3,1;11,5;21,5;0;95,67;151,84;95,78;127,42;115,66;96,95;0;46;0;510;123;59;501;22;20;154;0;0;0;0;0;28;44
365;179;555;3,1;11,5;21,5;0;95,67;151,84;95,78;127,42;115,66;96,95;0;46;0;510;423;103;248;-92;32;-69;0;88;84;0;0;0;0
160;275;203;3,1;11,5;21,5;0;95,67;151,84;95,78;127,42;115,66;96,95;0;46;0;510;293;167;303;41;-38;-7;0;0;0;0;0;0;38
99;213;307;3,1;11,5;21,5;0;95,67;151,84;95,78;127,42;115,66;96,95;0;46;0;510;396;360;248;262;109;10;0;0;76;0;0;0;0
179;555;160;3,1;11,5;21,5;0;95,67;151,84;95,78;127,42;115,66;96,95;0;46;0;510;321;314;24;132;5;9;0;137;135;0;0;0;0
275;203;349;3,1;11,5;21,5;0;95,67;151,84;95,78;127,42;115,66;96,95;0;46;0;510;58;354;203;6;-72;0;0;0;0;91;137;0;0
455;188;340;3,2;12,1;21,8;0;76,35;121,17;71,86;95,6;103,47;86,73;0;47;0;520;412;490;58;412;490;58;0;0;0;0;0;0;0
434;301;373;3,2;12,1;21,8;0;76,35;121,17;71,86;95,6;103,47;86,73;0;47;0;520;76;4;393;54;193;78;0;0;0;0;0;0;0
308;245;245;3,2;12,1;21,8;0;76,35;121,17;71,86;95,6;103,47;86,73;0;47;0;520;176;229;262;14;85;95;0;0;0;92;0;0;0
188;340;214;3,2;12,1;21,8;0;76,35;121,17;71,86;95,6;103,47;86,73;0;47;0;520;23;39;520;18;0;16;0;0;0;0;0;169;216
301;373;251;3,2;12,1;21,8;0;76,35;121,17;71,86;95,6;103,47;86,73;0;47;0;520;148;199;441;3;1;-107;0;0;0;0;0;138;175
245;245;237;3,2;12,1;21,8;0;76,35;121,17;71,86;95,6;103,47;86,73;0;47;0;520;226;395;325;31;72;13;0;0;0;47;32;0;0
340;214;211;3,2;12,1;21,8;0;76,35;121,17;71,86;95,6;103,47;86,73;0;47;0;520;236;391;105;17;65;1;0;0;0;90;94;0;0
373;251;336;3,2;12,1;21,8;0;76,35;121,17;71,86;95,6;103,47;86,73;0;47;0;520;91;505;333;10;44;-2;0;0;0;275;0;0;0
245;237;477;3,2;12,1;21,8;0;76,35;121,17;71,86;95,6;103,47;86,73;0;47;0;520;72;414;452;2;22;7;0;0;0;165;34;0;0
214;211;362;3,2;12,1;21,8;0;76,35;121,17;71,86;95,6;103,47;86,73;0;47;0;520;286;166;473;74;4;91;0;0;0;0;0;0;27
251;336;369;3,2;12,1;21,8;0;76,35;121,17;71,86;95,6;103,47;86,73;0;47;0;520;223;453;206;0;121;-26;0;0;46;0;0;0;0
237;477;315;3,2;12,1;21,8;0;76,35;121,17;71,86;95,6;103,47;86,73;0;47;0;520;415;288;293;-8;25;45;0;93;93;0;0;0;0
403;177;307;3,3;12,3;22,1;0;73,13;116,07;72,83;96,89;110,46;92,59;0;49;0;540;355;202;175;355;202;175;0;0;0;0;0;0;0
277;112;107;3,3;12,3;22,1;0;73,13;116,07;72,83;96,89;110,46;92,59;0;49;0;540;16;71;108;94;161;176;0;0;0;0;0;0;0
135;274;266;3,3;12,3;22,1;0;73,13;116,07;72,83;96,89;110,46;92,59;0;49;0;540;166;162;44;125;0;3;0;0;0;0;49;0;0
177;307;334;3,3;12,3;22,1;0;73,13;116,07;72,83;96,89;110,46;92,59;0;49;0;540;38;276;483;26;7;74;0;0;0;0;0;40;38
112;107;259;3,3;12,3;22,1;0;73,13;116,07;72,83;96,89;110,46;92,59;0;49;0;540;392;205;49;306;-35;4;0;0;0;0;140;0;0
274;266;216;3,3;12,3;22,1;0;73,13;116,07;72,83;96,89;110,46;92,59;0;49;0;540;490;77;113;154;12;33;0;236;132;0;0;0;0
307;334;138;3,3;12,3;22,1;0;73,13;116,07;72,83;96,89;110,46;92,59;0;49;0;540;275;233;151;122;-41;-2;0;0;0;0;0;0;48
107;259;344;3,3;12,3;22,1;0;73,13;116,07;72,83;96,89;110,46;92,59;0;49;0;540;340;14;301;12;8;4;0;294;49;0;0;0;0
266;216;435;3,3;12,3;22,1;0;73,13;116,07;72,83;96,89;110,46;92,59;0;49;0;540;538;336;425;284;110;12;0;0;0;0;18;0;0
334;138;137;3,3;12,3;22,1;0;73,13;116,07;72,83;96,89;110,46;92,59;0;49;0;540;157;4;131;107;25;-43;0;0;0;0;0;0;49
259;344;370;3,3;12,3;22,1;0;73,13;116,07;72,83;96,89;110,46;92,59;0;49;0;540;44;77;500;-18;-153;-92;0;0;0;0;0;90;89
216;435;355;3,3;12,3;22,1;0;73,13;116,07;72,83;96,89;110,46;92,59;0;49;0;540;356;519;330;-92;3;25;0;72;142;0;0;0;0
279;165;159;3,6;12,4;22,2;0;90,85;144,18;88,17;117,3;128,39;107,62;0;52;0;560;322;138;2;322;138;2;0;0;0;0;0;0;0
92;271;329;3,6;12,4;22,2;0;90,85;144,18;88,17;117,3;128,39;107,62;0;52;0;560;47;25;113;-83;19;19;0;127;233;0;0;0;0
131;48;187;3,6;12,4;22,2;0;90,85;144,18;88,17;117,3;128,39;107,62;0;52;0;560;458;138;63;244;-29;33;0;0;0;0;138;0;0
165;159;283;3,6;12,4;22,2;0;90,85;144,18;88,17;117,3;128,39;107,62;0;52;0;560;524;58;138;309;22;30;0;152;142;0;0;0;0
271;329;291;3,6;12,4;22,2;0;90,85;144,18;88,17;117,3;128,39;107,62;0;52;0;560;28;266;291;66;6;-17;0;0;0;0;0;0;47
48;187;235;3,6;12,4;22,2;0;90,85;144,18;88,17;117,3;128,39;107,62;0;52;0;560;187;98;131;-10;4;7;0;87;128;0;0;0;0
159;283;260;3,6;12,4;22,2;0;90,85;144,18;88,17;117,3;128,39;107,62;0;52;0;560;206;311;201;37;-9;-11;0;0;0;0;41;0;0
329;291;119;3,6;12,4;22,2;0;90,85;144,18;88,17;117,3;128,39;107,62;0;52;0;560;246;16;305;6;-91;-70;0;0;0;0;0;52;193
187;235;207;3,6;12,4;22,2;0;90,85;144,18;88,17;117,3;128,39;107,62;0;52;0;560;84;523;312;-49;197;-13;0;0;0;0;0;48;0
283;260;394;3,6;12,4;22,2;0;90,85;144,18;88,17;117,3;128,39;107,62;0;52;0;560;267;244;429;-41;181;-2;0;0;0;0;0;24;0
291;119;412;3,6;12,4;22,2;0;90,85;144,18;88,17;117,3;128,39;107,62;0;52;0;560;256;175;312;16;42;1;0;0;0;92;103;0;0
235;207;459;3,6;12,4;22,2;0;90,85;144,18;88,17;117,3;128,39;107,62;0;52;0;560;492;144;398;175;9;8;0;30;68;0;0;0;0
236;250;320;3,8;12,5;22,3;0;70,63;112,09;72,54;96,5;136,93;114,78;0;54;0;570;317;40;299;317;40;299;0;0;0;0;0;0;0
563;230;384;3,8;12,5;22,3;0;70,63;112,09;72,54;96,5;136,93;114,78;0;54;0;570;123;521;228;3;331;17;0;0;0;0;0;126;0
221;83;585;3,8;12,5;22,3;0;70,63;112,09;72,54;96,5;136,93;114,78;0;54;0;570;14;565;200;10;230;1;0;0;0;214;369;0;0
250;320;455;3,8;12,5;22,3;0;70,63;112,09;72,54;96,5;136,93;114,78;0;54;0;570;275;187;422;-17;97;20;0;0;52;0;0;0;0
230;384;281;3,8;12,5;22,3;0;70,63;112,09;72,54;96,5;136,93;114,78;0;54;0;570;427;229;48;-91;2;-2;0;60;211;0;0;0;0
83;585;276;3,8;12,5;22,3;0;70,63;112,09;72,54;96,5;136,93;114,78;0;54;0;570;117;387;521;30;16;-56;0;0;0;0;0;87;212
320;455;245;3,8;12,5;22,3;0;70,63;112,09;72,54;96,5;136,93;114,78;0;54;0;570;289;544;447;-1;105;146;0;0;0;0;0;0;0
384;281;283;3,8;12,5;22,3;0;70,63;112,09;72,54;96,5;136,93;114,78;0;54;0;570;358;310;203;10;134;29;0;0;0;0;0;37;0
585;276;330;3,8;12,5;22,3;0;70,63;112,09;72,54;96,5;136,93;114,78;0;54;0;570;173;459;261;-80;-46;1;0;0;0;322;41;0;0
455;245;18;3,8;12,5;22,3;0;70,63;112,09;72,54;96,5;136,93;114,78;0;54;0;570;515;222;190;7;8;69;0;0;0;0;0;27;77
281;283;124;3,8;12,5;22,3;0;70,63;112,09;72,54;96,5;136,93;114,78;0;54;0;570;52;157;343;1;6;-59;0;0;0;0;0;223;124
276;330;410;3,8;12,5;22,3;0;70,63;112,09;72,54;96,5;136,93;114,78;0;54;0;570;412;471;431;89;147;10;0;0;48;0;0;0;0
138;258;341;3,85;12,6;22,4;0;88,43;140,35;80,33;106,87;140,42;117,7;0;56;0;575;67;36;414;67;36;414;0;0;0;0;0;0;0
224;130;299;3,85;12,6;22,4;0;88,43;140,35;80,33;106,87;140,42;117,7;0;56;0;575;96;62;173;21;3;171;0;0;0;0;0;82;35
414;351;203;3,85;12,6;22,4;0;88,43;140,35;80,33;106,87;140,42;117,7;0;56;0;575;332;323;156;18;26;-6;0;0;0;0;0;79;51
258;341;281;3,85;12,6;22,4;0;88,43;140,35;80,33;106,87;140,42;117,7;0;56;0;575;361;422;196;121;16;0;0;0;0;0;91;0;0
130;299;310;3,85;12,6;22,4;0;88,43;140,35;80,33;106,87;140,42;117,7;0;56;0;575;309;546;37;300;-3;-7;0;0;0;0;266;0;0
351;203;380;3,85;12,6;22,4;0;88,43;140,35;80,33;106,87;140,42;117,7;0;56;0;575;173;116;342;-16;1;2;0;91;47;0;0;0;0
341;281;174;3,85;12,6;22,4;0;88,43;140,35;80,33;106,87;140,42;117,7;0;56;0;575;324;148;426;15;16;58;0;0;0;0;0;48;148
299;310;309;3,85;12,6;22,4;0;88,43;140,35;80,33;106,87;140,42;117,7;0;56;0;575;487;486;375;203;192;124;0;0;0;0;0;0;0
203;380;105;3,85;12,6;22,4;0;88,43;140,35;80,33;106,87;140,42;117,7;0;56;0;575;98;105;100;98;21;15;0;0;0;0;0;0;104
281;174;319;3,85;12,6;22,4;0;88,43;140,35;80,33;106,87;140,42;117,7;0;56;0;575;513;47;567;330;4;153;0;0;0;0;0;0;110
310;309;284;3,85;12,6;22,4;0;88,43;140,35;80,33;106,87;140,42;117,7;0;56;0;575;291;185;28;67;12;9;0;132;112;0;0;0;0
380;105;180;3,85;12,6;22,4;0;88,43;140,35;80,33;106,87;140,42;117,7;0;56;0;575;154;29;283;-4;17;-124;0;0;0;0;0;155;81
310;100;87;3,95;12,8;22,6;0;82,36;130,72;90,75;120,73;151,46;126,96;0;58;0;585;276;47;232;276;47;232;0;0;0;0;0;0;0
221;146;329;3,95;12,8;22,6;0;82,36;130,72;90,75;120,73;151,46;126,96;0;58;0;585;247;80;22;142;25;41;0;44;116;0;0;0;0
272;340;186;3,95;12,8;22,6;0;82,36;130,72;90,75;120,73;151,46;126,96;0;58;0;585;102;238;414;6;1;157;0;0;0;0;0;34;78
100;87;371;3,95;12,8;22,6;0;82,36;130,72;90,75;120,73;151,46;126,96;0;58;0;585;214;37;165;15;3;4;0;52;53;0;0;0;0
146;329;357;3,95;12,8;22,6;0;82,36;130,72;90,75;120,73;151,46;126,96;0;58;0;585;262;160;219;-165;-18;14;0;148;148;0;0;0;0
340;186;282;3,95;12,8;22,6;0;82,36;130,72;90,75;120,73;151,46;126,96;0;58;0;585;344;410;323;-103;206;-3;0;0;0;0;0;58;0
87;371;354;3,95;12,8;22,6;0;82,36;130,72;90,75;120,73;151,46;126,96;0;58;0;585;315;214;468;125;49;111;0;0;0;0;0;0;0
329;357;219;3,95;12,8;22,6;0;82,36;130,72;90,75;120,73;151,46;126,96;0;58;0;585;269;578;145;65;270;37;0;0;0;0;0;0;0
186;282;408;3,95;12,8;22,6;0;82,36;130,72;90,75;120,73;151,46;126,96;0;58;0;585;180;30;382;59;18;11;0;0;0;0;0;0;0
371;354;160;3,95;12,8;22,6;0;82,36;130,72;90,75;120,73;151,46;126,96;0;58;0;585;281;12;461;20;-12;-51;0;0;0;0;0;51;312
357;219;388;3,95;12,8;22,6;0;82,36;130,72;90,75;120,73;151,46;126,96;0;58;0;585;254;523;408;9;144;25;0;0;0;92;56;0;0
282;408;177;3,95;12,8;22,6;0;82,36;130,72;90,75;120,73;151,46;126,96;0;58;0;585;173;220;194;-56;11;-57;0;0;0;0;0;44;55
243;295;562;3,65;13,1;22,9;0;93,75;148,79;77,49;103,09;141,1;118,27;0;59;0;595;146;229;384;146;229;384;0;0;0;0;0;0;0
652;174;370;3,65;13,1;22,9;0;93,75;148,79;77,49;103,09;141,1;118,27;0;59;0;595;482;237;37;24;244;51;0;0;0;48;0;0;0
381;49;249;3,65;13,1;22,9;0;93,75;148,79;77,49;103,09;141,1;118,27;0;59;0;595;268;107;250;-32;302;-5;0;0;0;0;0;57;0
295;562;271;3,65;13,1;22,9;0;93,75;148,79;77,49;103,09;141,1;118,27;0;59;0;595;438;195;273;-27;29;41;0;94;44;0;0;0;0
174;370;327;3,65;13,1;22,9;0;93,75;148,79;77,49;103,09;141,1;118,27;0;59;0;595;428;340;332;227;-1;46;0;0;0;0;0;0;0
49;249;206;3,65;13,1;22,9;0;93,75;148,79;77,49;103,09;141,1;118,27;0;59;0;595;116;173;108;135;23;7;0;100;59;0;0;0;0
562;271;210;3,65;13,1;22,9;0;93,75;148,79;77,49;103,09;141,1;118,27;0;59;0;595;162;233;540;16;44;-3;0;0;0;0;0;281;59
370;327;246;3,65;13,1;22,9;0;93,75;148,79;77,49;103,09;141,1;118,27;0;59;0;595;262;333;206;-37;-55;7;0;0;0;55;50;0;0
249;206;143;3,65;13,1;22,9;0;93,75;148,79;77,49;103,09;141,1;118,27;0;59;0;595;98;124;455;30;1;-37;0;0;0;0;0;218;138
271;210;107;3,65;13,1;22,9;0;93,75;148,79;77,49;103,09;141,1;118,27;0;59;0;595;380;541;133;139;299;22;0;0;0;0;33;0;0
327;246;84;3,65;13,1;22,9;0;93,75;148,79;77,49;103,09;141,1;118,27;0;59;0;595;67;363;16;29;214;6;0;0;0;150;52;0;0
206;143;59;3,65;13,1;22,9;0;93,75;148,79;77,49;103,09;141,1;118,27;0;59;0;595;120;198;128;0;212;75;0;0;0;57;0;0;0
135;114;242;3,65;13,1;22,9;0;88,9;141,09;72,99;97,11;133,85;112,19;0;61;0;315;262;211;186;262;211;186;0;0;0;0;0;0;0
319;141;252;3,65;13,1;22,9;0;88,9;141,09;72,99;97,11;133,85;112,19;0;61;0;315;272;136;256;215;206;190;0;0;0;0;0;0;0
465;523;36;3,65;13,1;22,9;0;88,9;141,09;72,99;97,11;133,85;112,19;0;61;0;315;313;295;35;2;39;189;0;61;0;0;0;0;0
114;242;201;3,65;13,1;22,9;0;88,9;141,09;72,99;97,11;133,85;112,19;0;61;0;315;185;237;93;73;34;81;0;0;0;0;0;0;0
141;252;133;3,65;13,1;22,9;0;88,9;141,09;72,99;97,11;133,85;112,19;0;61;0;315;137;222;151;69;4;99;0;0;0;0;0;0;0
523;36;174;3,65;13,1;22,9;0;88,9;141,09;72,99;97,11;133,85;112,19;0;61;0;315;37;301;313;-174;269;-5;0;0;0;0;0;243;0
242;201;505;3,65;13,1;22,9;0;88,9;141,09;72,99;97,11;133,85;112,19;0;61;0;315;308;281;215;3;-65;8;0;0;0;111;303;0;0
252;133;344;3,65;13,1;22,9;0;88,9;141,09;72,99;97,11;133,85;112,19;0;61;0;315;302;231;280;53;-23;0;0;0;0;0;56;0;0
36;174;598;3,65;13,1;22,9;0;88,9;141,09;72,99;97,11;133,85;112,19;0;61;0;315;266;285;136;283;-26;-348;0;0;0;0;114;0;0
201;505;148;3,65;13,1;22,9;0;88,9;141,09;72,99;97,11;133,85;112,19;0;61;0;315;11;310;240;-112;-119;-153;0;102;103;0;0;0;0
133;344;424;3,65;13,1;22,9;0;88,9;141,09;72,99;97,11;133,85;112,19;0;61;0;315;265;268;198;-28;-167;-359;0;28;20;0;0;0;0
174;598;276;3,65;13,1;22,9;0;88,9;141,09;72,99;97,11;133,85;112,19;0;61;0;315;275;264;166;-124;-383;-390;0;118;79;0;0;0;0
289;309;209;3,75;13,2;23,2;0;71,22;113,04;89,41;118,94;138,76;116,31;0;63;0;325;241;223;260;241;223;260;0;0;0;0;0;0;0
550;232;231;3,75;13,2;23,2;0;71,22;113,04;89,41;118,94;138,76;116,31;0;63;0;325;275;250;243;5;202;272;0;0;0;39;0;0;0
357;330;283;3,75;13,2;23,2;0;71,22;113,04;89,41;118,94;138,76;116,31;0;63;0;325;257;125;124;6;36;-27;0;0;0;0;0;101;39
309;209;93;3,75;13,2;23,2;0;71,22;113,04;89,41;118,94;138,76;116,31;0;63;0;325;302;269;185;-1;96;65;0;0;0;0;0;0;0
232;231;290;3,75;13,2;23,2;0;71,22;113,04;89,41;118,94;138,76;116,31;0;63;0;325;206;269;215;36;53;8;0;0;0;63;18;0;0
330;283;359;3,75;13,2;23,2;0;71,22;113,04;89,41;118,94;138,76;116,31;0;63;0;325;274;297;215;42;-72;-59;0;0;0;62;77;0;0
209;93;71;3,75;13,2;23,2;0;71,22;113,04;89,41;118,94;138,76;116,31;0;63;0;325;240;300;122;73;76;51;0;0;0;0;59;0;0
231;290;76;3,75;13,2;23,2;0;71,22;113,04;89,41;118,94;138,76;116,31;0;63;0;325;159;303;180;1;89;155;0;0;0;0;0;0;0
283;359;223;3,75;13,2;23,2;0;71,22;113,04;89,41;118,94;138,76;116,31;0;63;0;325;220;226;252;1;8;69;0;0;0;0;0;63;52
93;71;204;3,75;13,2;23,2;0;71,22;113,04;89,41;118,94;138,76;116,31;0;63;0;325;123;163;287;31;100;152;0;0;0;0;0;0;0
290;76;226;3,75;13,2;23,2;0;71,22;113,04;89,41;118,94;138,76;116,31;0;63;0;325;192;149;257;31;75;183;0;0;0;98;0;0;0
359;223;559;3,75;13,2;23,2;0;71,22;113,04;89,41;118,94;138,76;116,31;0;63;0;325;126;138;59;-202;-10;-317;0;0;0;0;0;0;0
165;303;211;2,45;13,3;23,3;0;72,79;115,52;96,3;128,11;128,16;107,43;0;64;0;335;114;65;256;114;65;256;0;0;0;0;0;0;0
386;257;169;2,45;13,3;23,3;0;72,79;115,52;96,3;128,11;128,16;107,43;0;64;0;335;267;259;84;47;15;171;0;0;0;52;0;0;0
178;152;162;2,45;13,3;23,3;0;72,79;115,52;96,3;128,11;128,16;107,43;0;64;0;335;303;153;201;172;16;210;0;0;0;0;0;0;0
303;211;129;2,45;13,3;23,3;0;72,79;115,52;96,3;128,11;128,16;107,43;0;64;0;335;51;214;207;-18;-43;288;0;0;0;62;0;0;0
257;169;333;2,45;13,3;23,3;0;72,79;115,52;96,3;128,11;128,16;107,43;0;64;0;335;151;145;240;0;36;-32;0;0;0;0;0;124;103
152;162;247;2,45;13,3;23,3;0;72,79;115,52;96,3;128,11;128,16;107,43;0;64;0;335;277;312;156;-3;186;5;0;0;128;0;0;0;0
211;129;277;2,45;13,3;23,3;0;72,79;115,52;96,3;128,11;128,16;107,43;0;64;0;335;122;123;253;30;16;23;0;0;0;122;42;0;0
169;333;203;2,45;13,3;23,3;0;72,79;115,52;96,3;128,11;128,16;107,43;0;64;0;335;245;253;217;106;-17;-10;0;0;0;0;0;0;47
162;247;440;2,45;13,3;23,3;0;72,79;115,52;96,3;128,11;128,16;107,43;0;64;0;335;244;243;313;-11;18;23;0;39;160;0;0;0;0
129;277;457;2,45;13,3;23,3;0;72,79;115,52;96,3;128,11;128,16;107,43;0;64;0;335;133;221;308;-7;-38;-126;0;0;0;0;0;0;0
333;203;351;2,45;13,3;23,3;0;72,79;115,52;96,3;128,11;128,16;107,43;0;64;0;335;291;324;99;3;-65;-282;0;0;0;52;96;0;0
247;440;294;2,45;13,3;23,3;0;72,79;115,52;96,3;128,11;128,16;107,43;0;64;0;335;229;173;310;-15;-332;-266;0;0;0;0;0;0;0
209;366;569;1,45;13,4;23,4;0;70,59;112,03;64,36;85,63;125,66;105,33;0;65;0;445;81;83;182;81;83;182;0;0;0;0;0;0;0
281;312;223;1,45;13,4;23,4;0;70,59;112,03;64,36;85,63;125,66;105,33;0;65;0;445;445;121;134;245;-3;-12;0;0;0;0;0;0;105
364;326;378;1,45;13,4;23,4;0;70,59;112,03;64,36;85,63;125,66;105,33;0;65;0;445;355;175;222;-111;24;1;0;178;169;0;0;0;0
366;569;40;1,45;13,4;23,4;0;70,59;112,03;64,36;85,63;125,66;105,33;0;65;0;445;442;359;150;23;-64;-69;0;0;0;0;0;58;122
312;223;273;1,45;13,4;23,4;0;70,59;112,03;64,36;85,63;125,66;105,33;0;65;0;445;192;391;322;0;-55;42;0;0;0;97;62;0;0
326;378;340;1,45;13,4;23,4;0;70,59;112,03;64,36;85,63;125,66;105,33;0;65;0;445;289;424;285;-37;-9;-13;0;0;0;0;0;0;0
569;40;253;1,45;13,4;23,4;0;70,59;112,03;64,36;85,63;125,66;105,33;0;65;0;445;428;276;206;3;-19;5;0;0;0;181;65;0;0
223;273;273;1,45;13,4;23,4;0;70,59;112,03;64,36;85,63;125,66;105,33;0;65;0;445;225;313;406;5;21;138;0;0;0;0;0;0;0
378;340;36;1,45;13,4;23,4;0;70,59;112,03;64,36;85,63;125,66;105,33;0;65;0;445;234;142;403;13;14;162;0;0;0;0;0;152;191
40;253;322;1,45;13,4;23,4;0;70,59;112,03;64,36;85,63;125,66;105,33;0;65;0;445;248;260;272;221;21;112;0;0;0;0;0;0;0
273;273;395;1,45;13,4;23,4;0;70,59;112,03;64,36;85,63;125,66;105,33;0;65;0;445;68;399;394;16;147;111;0;0;0;0;0;0;0
340;36;251;1,45;13,4;23,4;0;70,59;112,03;64,36;85,63;125,66;105,33;0;65;0;445;287;30;188;3;101;48;0;0;0;40;0;0;0
310;245;194;3,45;13,5;23,6;0;64,68;102,66;78,22;104,06;152,54;127,86;0;66;0;545;364;16;53;364;16;53;0;0;0;0;0;0;0
262;208;218;3,45;13,5;23,6;0;64,68;102,66;78,22;104,06;152,54;127,86;0;66;0;545;8;220;21;110;-30;-86;0;0;0;0;58;0;0
452;328;340;3,45;13,5;23,6;0;64,68;102,66;78,22;104,06;152,54;127,86;0;66;0;545;242;517;405;10;19;9;0;0;0;110;30;0;0
245;194;352;3,45;13,5;23,6;0;64,68;102,66;78,22;104,06;152,54;127,86;0;66;0;545;179;191;465;-5;-35;122;0;0;0;51;0;0;0
208;218;302;3,45;13,5;23,6;0;64,68;102,66;78,22;104,06;152,54;127,86;0;66;0;545;351;511;135;138;208;5;0;0;0;0;50;0;0
328;340;126;3,45;13,5;23,6;0;64,68;102,66;78,22;104,06;152,54;127,86;0;66;0;545;444;59;8;37;30;1;0;103;114;0;0;0;0
194;352;41;3,45;13,5;23,6;0;64,68;102,66;78,22;104,06;152,54;127,86;0;66;0;545;256;361;411;99;39;371;0;0;0;0;0;0;0
218;302;401;3,45;13,5;23,6;0;64,68;102,66;78,22;104,06;152,54;127,86;0;66;0;545;206;169;296;87;9;163;0;0;0;0;0;0;103
340;126;102;3,45;13,5;23,6;0;64,68;102,66;78,22;104,06;152,54;127,86;0;66;0;545;217;4;120;15;2;15;0;0;0;0;0;51;115
352;41;211;3,45;13,5;23,6;0;64,68;102,66;78,22;104,06;152,54;127,86;0;66;0;545;258;170;329;33;19;133;0;0;0;112;0;0;0
302;401;281;3,45;13,5;23,6;0;64,68;102,66;78,22;104,06;152,54;127,86;0;66;0;545;162;380;457;25;-2;177;0;0;0;0;0;132;0
126;102;315;3,45;13,5;23,6;0;64,68;102,66;78,22;104,06;152,54;127,86;0;66;0;545;84;115;96;-5;-17;-26;0;0;0;12;16;0;0
220;131;221;2,15;13,7;23,7;0;69,82;110,82;67,33;89,57;117,27;98,3;0;69;0;485;38;432;175;38;432;175;0;0;0;0;0;0;0
69;203;262;2,15;13,7;23,7;0;69,82;110,82;67,33;89,57;117,27;98,3;0;69;0;485;74;56;149;43;285;62;0;0;0;0;0;0;0
176;201;296;2,15;13,7;23,7;0;69,82;110,82;67,33;89,57;117,27;98,3;0;69;0;485;124;27;125;-19;111;-99;0;0;10;0;0;0;0
131;221;207;2,15;13,7;23,7;0;69,82;110,82;67,33;89,57;117,27;98,3;0;69;0;485;382;78;233;2;75;50;0;107;123;0;0;0;0
203;262;228;2,15;13,7;23,7;0;69,82;110,82;67,33;89,57;117,27;98,3;0;69;0;485;156;291;182;-45;67;41;0;0;0;0;37;0;0
201;296;79;2,15;13,7;23,7;0;69,82;110,82;67,33;89,57;117,27;98,3;0;69;0;485;204;199;313;-34;79;158;0;0;0;0;0;8;109
221;207;134;2,15;13,7;23,7;0;69,82;110,82;67,33;89,57;117,27;98,3;0;69;0;485;310;262;6;55;134;30;0;0;0;0;0;0;0
262;228;338;2,15;13,7;23,7;0;69,82;110,82;67,33;89,57;117,27;98,3;0;69;0;485;257;232;206;50;48;-12;0;0;0;0;90;0;0
296;79;76;2,15;13,7;23,7;0;69,82;110,82;67,33;89,57;117,27;98,3;0;69;0;485;294;386;34;48;319;-18;0;0;0;0;36;0;0
207;134;441;2,15;13,7;23,7;0;69,82;110,82;67,33;89,57;117,27;98,3;0;69;0;485;39;57;305;-24;-16;8;0;0;0;96;162;0;0
228;338;460;2,15;13,7;23,7;0;69,82;110,82;67,33;89,57;117,27;98,3;0;69;0;485;292;147;391;-141;-101;14;0;106;75;0;0;0;0
79;76;298;2,15;13,7;23,7;0;69,82;110,82;67,33;89,57;117,27;98,3;0;69;0;485;29;145;414;-121;-102;130;0;0;0;70;0;0;0
397;224;403;1,38;13,9;23,9;0;88,61;140,64;78,53;104,48;105,79;88,68;0;35;0;520;247;143;75;247;143;75;0;0;0;0;0;0;0
383;273;422;1,38;13,9;23,9;0;88,61;140,64;78,53;104,48;105,79;88,68;0;35;0;520;114;7;518;1;2;23;0;0;0;0;0;23;125
222;52;169;1,38;13,9;23,9;0;88,61;140,64;78,53;104,48;105,79;88,68;0;35;0;520;42;487;117;17;210;2;0;0;0;196;31;0;0
224;403;196;1,38;13,9;23,9;0;88,61;140,64;78,53;104,48;105,79;88,68;0;35;0;520;214;299;186;-11;106;10;0;0;18;0;0;0;0
273;422;396;1,38;13,9;23,9;0;88,61;140,64;78,53;104,48;105,79;88,68;0;35;0;520;329;346;477;45;30;91;0;0;0;0;0;0;0
52;169;313;1,38;13,9;23,9;0;88,61;140,64;78,53;104,48;105,79;88,68;0;35;0;520;191;225;26;184;-8;-102;0;0;0;0;94;0;0
403;196;42;1,38;13,9;23,9;0;88,61;140,64;78,53;104,48;105,79;88,68;0;35;0;520;344;148;511;125;2;309;0;0;0;0;0;0;58
422;396;517;1,38;13,9;23,9;0;88,61;140,64;78,53;104,48;105,79;88,68;0;35;0;520;494;500;119;101;106;7;0;0;96;0;0;0;0
169;313;373;1,38;13,9;23,9;0;88,61;140,64;78,53;104,48;105,79;88,68;0;35;0;520;169;254;273;101;-20;-26;0;0;0;0;67;0;0
196;42;312;1,38;13,9;23,9;0;88,61;140,64;78,53;104,48;105,79;88,68;0;35;0;520;83;75;344;5;13;-11;0;0;0;0;0;17;0
396;517;217;1,38;13,9;23,9;0;88,61;140,64;78,53;104,48;105,79;88,68;0;35;0;520;509;361;459;118;6;82;0;0;0;0;0;0;149
313;373;173;1,38;13,9;23,9;0;88,61;140,64;78,53;104,48;105,79;88,68;0;35;0;520;469;86;63;-31;-7;3;0;274;31;0;0;0;0
;;;;;;;;;;;;;;;;;;;;;;;;;;;;;
;;;;;;;;;;;;;;;;;;;;;;;;;;;;;
;;;;;;;;;;;;;;;;;;;;;;;;;;;;;
;;;;;;;;;;;;;;;;;;;;;;;;;;;;;
;;;;;;;;;;;;;;;;;;;;;;;;;;;;;
;;;;;;;;;;;;;;;;;;;;;;;;;;;;;
;;;;;;;;;;;;;;;;;;;;;;;;;;;;;
;;;;;;;;;;;;;;;;;;;;;;;;;;;;;
;;;;;;;;;;;;;;;;;;;;;;;;;;;;;
;;;;;;;;;;;;;;;;;;;;;;;;;;;;;
;;;;;;;;;;;;;;;;;;;;;;;;;;;;;
;;;;;;;;;;;;;;;;;;;;;;;;;;;;;
;;;;;;;;;;;;;;;;;;;;;;;;;;;;;
;;;;;;;;;;;;;;;;;;;;;;;;;;;;;
;;;;;;;;;;;;;;;;;;;;;;;;;;;;;
;;;;;;;;;;;;;;;;;;;;;;;;;;;;;
;;;;;;;;;;;;;;;;;;;;;;;;;;;;;
;;;;;;;;;;;;;;;;;;;;;;;;;;;;;
;;;;;;;;;;;;;;;;;;;;;;;;;;;;;
;;;;;;;;;;;;;;;;;;;;;;;;;;;;;
;;;;;;;;;;;;;;;;;;;;;;;;;;;;;
;;;;;;;;;;;;;;;;;;;;;;;;;;;;;
;;;;;;;;;;;;;;;;;;;;;;;;;;;;;
;;;;;;;;;;;;;;;;;;;;;;;;;;;;;
;;;;;;;;;;;;;;;;;;;;;;;;;;;;;
;;;;;;;;;;;;;;;;;;;;;;;;;;;;;
;;;;;;;;;;;;;;;;;;;;;;;;;;;;;
